Question,Expected_answer,Answer
What are the primary mechanisms underlying hypertension in essential hypertension?,"Essential hypertension results from a combination of genetic and environmental factors that affect cardiac output and systemic vascular resistance. Mechanisms include increased sympathetic nervous system activity, altered renal sodium handling leading to volume expansion, endothelial dysfunction, and vascular remodeling. Additionally, activation of the renin-angiotensin-aldosterone system (RAAS) contributes to vasoconstriction and sodium retention.","What are the primary mechanisms underlying hypertension in essential hypertension?

**Answer:**

The primary mechanisms underlying hypertension in essential hypertension (EAH) are complex and involve a combination of genetic predisposition, environmental factors, and vascular remodeling. Here's a breakdown of the key processes:

1. **Genetic Predisposition:** EAH is strongly influenced by family history. Individuals with a parent or sibling with EAH have a significantly increased risk. Genes involved in vascular function and responsiveness to stress are implicated.

2. **Endothelial Dysfunction:** The endothelium (the inner lining of blood vessels) is impaired in EAH. This dysfunction leads to:
   * **Reduced nitric oxide production:** Nitric oxide is a vasodilator, helping to regulate blood pressure.
   * **Increased vascular permeability:**  The endothelium becomes more leaky, allowing fluid and proteins to enter the vessel wall.

3. **Altered Vascular Remodeling:**  Over time, the heart and blood vessels undergo changes, contributing to hypertension:
   * **Increased vascular smooth muscle mass"
Explain the pathophysiology and clinical manifestations of congestive heart failure (CHF).,"Congestive heart failure occurs when the heart cannot maintain adequate cardiac output to meet the body's metabolic demands. Pathophysiologically, it involves systolic or diastolic dysfunction leading to increased ventricular filling pressures and pulmonary or systemic congestion. Clinically, patients present with dyspnea, orthopnea, paroxysmal nocturnal dyspnea, fatigue, and peripheral edema.","Explain the pathophysiology and clinical manifestations of congestive heart failure (CHF).

**Congestive Heart Failure (CHF)**

Congestive heart failure (CHF) is a chronic, progressive condition in which the heart is unable to pump enough blood to meet the body's needs.  It is characterized by a reduction in cardiac output, leading to fluid accumulation in the lungs and other tissues.

**Pathophysiology**

The pathophysiology of CHF is complex and involves a cascade of events initiated by a decrease in cardiac contractility. Here's a breakdown of the key mechanisms:

1. **Reduced Cardiac Contractility:**
   * **Myocardial Fibrosis:**  Chronic, low-grade myocardial fibrosis (scarring) develops in the heart muscle. This reduces the heart's ability to contract effectively.
   * **Decreased Calcium Sensitivity:** The heart becomes less responsive to calcium signals, which are crucial for muscle contraction.
   * **Increased Myosin ATPase Activity:**  Increased activity of the myosin ATPase (a protein involved in muscle contraction)"
Discuss the causes and management of iron deficiency anemia.,"Iron deficiency anemia occurs due to inadequate dietary intake, chronic blood loss (especially gastrointestinal), or malabsorption. Laboratory findings include low hemoglobin, microcytic hypochromic red cells, and low ferritin. Management involves treating the underlying cause and replenishing iron stores using oral or intravenous iron supplements.","Discuss the causes and management of iron deficiency anemia.

**Causes of Iron Deficiency Anemia**

Iron deficiency anemia is often caused by insufficient iron intake or absorption. Here’s a breakdown of the main causes:

* **Dietary Deficiency:** This is the most common cause. Individuals may not consume enough iron-rich foods.
    * **Low Dietary Iron Intake:**  Many people don’t eat enough iron-containing foods like red meat, poultry, fish, beans, lentils, spinach, and fortified cereals.
    * **Iron Absorption Issues:**  The body has difficulty absorbing iron from food. Factors affecting absorption include:
        * **Celiac Disease:**  An autoimmune disorder that damages the small intestine, hindering iron absorption.
        * **Inflammatory Bowel Disease (IBD):** Conditions like Crohn's disease and ulcerative colitis can impair iron absorption.
        * **Gastric Bypass Surgery:**  This surgery can reduce the amount of stomach acid, which is necessary for iron absorption.
        * **"
Describe the etiology and diagnostic approach to chronic kidney disease (CKD).,"Chronic kidney disease results from progressive loss of renal function over months to years. Common causes include diabetes mellitus, hypertension, glomerulonephritis, and polycystic kidney disease. Diagnosis relies on persistent reduction in estimated glomerular filtration rate (eGFR) and evidence of kidney damage, such as albuminuria or abnormal imaging findings.","Describe the etiology and diagnostic approach to chronic kidney disease (CKD).

**Etiology of Chronic Kidney Disease (CKD)**

Chronic kidney disease (CKD) is a progressive loss of kidney function, often leading to end-stage renal disease (ESRD). The etiology of CKD is complex and multifactorial, involving a combination of physiological, pathological, and genetic factors.  Here's a breakdown of the key contributors:

1. **Diabetes Mellitus:** This is the *most common* cause of CKD.  High blood sugar levels damage the small blood vessels in the kidneys, leading to nephron dysfunction and ultimately, kidney failure.
2. **Hypertension (High Blood Pressure):**  Chronic hypertension puts significant strain on the kidneys, damaging the blood vessels and leading to vascular damage.
3. **Glomerular Diseases:** These include:
   * **Glomerulonephritis:** Inflammation of the glomeruli (filtering units of the kidneys).
   * **Polycystic Kidney Disease (PKD"
Outline the pathogenesis and treatment of type 2 diabetes mellitus.,"Type 2 diabetes mellitus arises from insulin resistance and progressive beta-cell dysfunction. Risk factors include obesity, sedentary lifestyle, and genetic predisposition. Management includes lifestyle modification, oral hypoglycemic agents (e.g., metformin, SGLT2 inhibitors), and insulin therapy when necessary.","Outline the pathogenesis and treatment of type 2 diabetes mellitus.

**Introduction**

Type 2 diabetes mellitus (T2DM) is a chronic metabolic disorder characterized by hyperglycemia, insulin resistance, and impaired pancreatic beta-cell function. It is the most common diabetes worldwide, affecting millions of people and leading to significant morbidity and mortality.

**Pathogenesis**

The pathogenesis of T2DM is complex and multifactorial, involving a combination of genetic and environmental factors. Key steps include:

1.  **Insulin Resistance:** Initially, the body's cells become less responsive to insulin, leading to elevated blood glucose levels.
2.  **Pancreatic Beta-Cell Dysfunction:** Over time, the pancreas attempts to compensate for insulin resistance by producing more insulin, but this becomes increasingly inadequate.
3.  **Glucotoxicity and Lipotoxicity:** Chronic hyperglycemia and elevated glucose levels trigger the release of inflammatory cytokines (glucocorticoids) and lipid metabolites (lipids), which damage pancreatic beta-cells.
4.  **Genetic Pred"
"Explain the mechanisms, diagnosis, and management of acute myocardial infarction (MI).","Acute MI results from rupture or erosion of an atherosclerotic plaque leading to thrombotic occlusion of a coronary artery. Diagnosis is made using ECG changes (ST elevation or depression), elevated cardiac biomarkers (troponin), and clinical symptoms like chest pain. Treatment involves reperfusion therapy (PCI or thrombolysis), antiplatelet drugs, beta-blockers, and statins.","Explain the mechanisms, diagnosis, and management of acute myocardial infarction (MI).

### Mechanisms of Acute Myocardial Infarction (MI)

Acute myocardial infarction (MI), also known as a heart attack, occurs when blood flow to a part of the heart is blocked, usually by a blood clot. This blockage prevents the heart muscle from receiving oxygen and nutrients, leading to damage and potentially death. Several mechanisms contribute to the development of MI:

1.  **Coronary Artery Disease (CAD):** The primary cause of MI is CAD, which is characterized by the buildup of plaque (atherosclerosis) within the coronary arteries.
2.  **Plaque Rupture:**  Plaque can rupture, exposing the inner layer of the artery wall to the bloodstream. This triggers a cascade of events leading to clot formation.
3.  **Thrombosis:**  Blood clots can form within the coronary arteries, often originating from the dissection of the coronary artery wall.
4.  **Inflammation:**  Inflammation plays a crucial"
Discuss the differential diagnosis and management of fever of unknown origin (FUO).,"FUO is defined as a fever >38.3°C lasting more than three weeks without an established diagnosis after one week of investigation. Causes include infections (e.g., tuberculosis), malignancies (e.g., lymphoma), autoimmune disorders (e.g., SLE), and miscellaneous conditions. Management requires targeted investigations and empiric therapy based on likely causes.","Discuss the differential diagnosis and management of fever of unknown origin (FUO).

**Introduction**

Fever of unknown origin (FUO) is a complex and challenging clinical presentation characterized by a persistent, unexplained fever, often accompanied by systemic symptoms. It represents a significant proportion of the patient population, and its diagnosis and management require a meticulous and integrated approach.  The differential diagnosis is broad, encompassing a wide range of conditions, many of which can be difficult to differentiate.  Effective management involves ruling out serious etiologies, identifying potential triggers, and providing supportive care.

**Differential Diagnosis**

FUO encompasses a vast array of potential causes, which can be broadly categorized as follows:

1. **Infections:**
   * **Viral Infections:**  Epstein-Barr virus (EBV), cytomegalovirus (CMV), herpes simplex virus (HSV), influenza, parainfluenza virus, respiratory syncytial virus (RSV), and others.  These often present with nonspecific symptoms and may be difficult to diagnose.
   * **Bacterial"
Describe the clinical features and treatment of chronic obstructive pulmonary disease (COPD).,"COPD is characterized by airflow limitation due to chronic bronchitis and/or emphysema, usually from long-term smoking. Symptoms include chronic cough, sputum production, and progressive dyspnea. Treatment includes smoking cessation, bronchodilators, inhaled corticosteroids, pulmonary rehabilitation, and oxygen therapy for advanced cases.","Describe the clinical features and treatment of chronic obstructive pulmonary disease (COPD).

**Clinical Features of COPD**

COPD is a progressive lung disease characterized by airflow obstruction and inflammation. It can manifest in a variety of ways, and the clinical features can vary significantly between individuals. Key clinical features include:

*   **Chronic Cough:** A persistent cough, often productive of sputum.
*   **Shortness of Breath (Dyspnea):** Feeling of breathlessness, particularly with exertion.
*   **Wheezing:** A whistling sound during breathing, indicating narrowed airways.
*   **Chest Tightness:** A feeling of pressure or constriction in the chest.
*   **Increased Mucus Production:** Excessive mucus production in the airways.
*   **Fatigue:**  A general feeling of tiredness and weakness.
*   **Weight Loss:** Due to reduced physical activity and decreased appetite.
*   **Increased Risk of Infections:**  Due to impaired immune function.
*   **Respiratory Depression:**  In severe cases, the lungs may not"
Explain the causes and management of hyponatremia.,"Hyponatremia is defined as a serum sodium <135 mmol/L and results from excess water retention relative to sodium. Causes include SIADH, heart failure, cirrhosis, and renal failure. Management involves correcting underlying causes, restricting water intake, and cautiously correcting sodium to prevent osmotic demyelination.","Explain the causes and management of hyponatremia.

**Hyponatremia**

Hyponatremia is a condition in which the concentration of sodium in the blood is lower than normal. It's a common and potentially serious condition that can develop due to a variety of factors.

**Causes of Hyponatremia**

There are several potential causes of hyponatremia, which can be broadly categorized as follows:

1.  **Inadequate fluid intake:** This is the most common cause, especially in older adults.
2.  **Excessive water intake:**  This can occur in individuals with certain medical conditions.
3.  **Kidney problems:** Impaired kidney function can lead to sodium loss and hyponatremia.
4.  **Certain medications:** Some medications, such as diuretics, can cause hyponatremia.
5.  **Neurological disorders:** Conditions like stroke, spinal cord injury, or multiple sclerosis can disrupt sodium balance.
6.  **Heart failure:**  "
Discuss the approach to a patient with syncope.,"Syncope is a transient loss of consciousness due to cerebral hypoperfusion. The evaluation includes detailed history, physical examination, ECG, and orthostatic blood pressure measurement. Causes include vasovagal syncope, cardiac arrhythmias, and orthostatic hypotension. Management is cause-specific, ranging from reassurance to pacemaker implantation.","Discuss the approach to a patient with syncope.

A.  The patient has a history of hypertension.
B.  The patient has a history of cardiac arrhythmias.
C.  The patient has a history of stroke.
D.  The patient has a history of diabetes mellitus.
E.  The patient has a history of anxiety.
F.  The patient has no history of syncope.

**Correct Answer: B. The patient has a history of cardiac arrhythmias.**

**Explanation:**

Syncope is a common neurological event, and a history of cardiac arrhythmias significantly increases the risk.  Arrhythmias (irregular heartbeats) can disrupt blood flow to the brain, leading to sudden loss of consciousness.

Let's look at why the other options are less likely:

*   **A:** Hypertension is a risk factor, but not the primary cause of syncope.
*   **C:** Stroke is a significant risk factor for syncope, but it's not the *most* common"
Describe the pathophysiology and management of rheumatoid arthritis.,"Rheumatoid arthritis is an autoimmune disease characterized by chronic synovial inflammation leading to joint destruction. It involves T-cell and B-cell activation, production of rheumatoid factor and anti-CCP antibodies, and cytokine-mediated tissue damage. Treatment includes disease-modifying antirheumatic drugs (DMARDs), biologics, and physiotherapy.","Describe the pathophysiology and management of rheumatoid arthritis.

## Rheumatoid Arthritis (RA)

Rheumatoid arthritis (RA) is a chronic, systemic autoimmune disease characterized by inflammation of the joints. It is primarily caused by the aberrant activation of T-lymphocytes and the production of autoantibodies that target the synovial membrane.

**Pathophysiology:**

1. **Autoantibody Production:** The hallmark of RA is the production of autoantibodies – specifically rheumatoid factor (RF) and anti-citrullinated protein antibodies (ACPA). These antibodies target the synovial membrane, leading to chronic inflammation and tissue damage.
2. **T-Lymphocyte Activation:**  The immune system inappropriately activates T-lymphocytes, primarily T cells (especially Th1 and Th17 cells) and B cells. These cells release cytokines like TNF-alpha, IL-1, and IL-6, which drive inflammation.
3. **Synovial Inflammation:**  The autoantibodies and cytokines accumulate in the synovial membrane, causing chronic inflammation, synovial"
Explain the clinical presentation and management of pneumonia.,"Pneumonia is an infection of the alveoli, typically caused by bacteria like Streptococcus pneumoniae. Symptoms include fever, productive cough, pleuritic chest pain, and dyspnea. Diagnosis is based on clinical findings and chest X-ray. Treatment includes appropriate antibiotics, hydration, and supportive care.","Explain the clinical presentation and management of pneumonia.

**Clinical Presentation of Pneumonia**

Pneumonia is an infection of the lungs that can present with a wide range of symptoms, varying greatly in severity. Here’s a breakdown of the common clinical presentation:

*   **Fever:** Often present, ranging from mild to high.
*   **Cough:**  Can be productive (with sputum), dry, or a combination of both.
*   **Shortness of Breath (Dyspnea):**  A hallmark symptom, particularly with increased effort.
*   **Chest Pain:**  May be sharp or dull, and aggravated by breathing.
*   **Fatigue:**  Feeling tired and weak.
*   **Muscle Aches:**  Generalized muscle soreness.
*   **Headache:**  Can occur.
*   **Loss of Appetite:**  A common symptom.
*   **Confusion/Altered Mental Status:**  In severe cases, especially in young children or the elderly."
Discuss the causes and management of upper gastrointestinal bleeding.,"Common causes include peptic ulcer disease, esophageal varices, and gastritis. Patients may present with hematemesis or melena. Diagnosis is made via endoscopy. Management includes resuscitation, proton pump inhibitors, endoscopic hemostasis, and in variceal bleeding, octreotide and band ligation.","Discuss the causes and management of upper gastrointestinal bleeding.

**Introduction**

Upper gastrointestinal bleeding (UGIB) is a significant medical concern, often presenting with symptoms such as nausea, vomiting, abdominal pain, and hematemesis (vomiting blood).  It is a complex condition with a diverse range of causes.  Effective management requires a thorough evaluation and individualized approach.

**Causes of Upper Gastrointestinal Bleeding**

UGIB can be broadly categorized into several causes:

1. **Esophageal Causes:**
   * **Esophageal Varices:** Enlarged veins in the esophagus, often due to cirrhosis of the liver. These are a major cause.
   * **Esophageal Strictures:** Narrowing of the esophagus, which can obstruct blood flow.
   * **Esophageal Tumors:**  Can cause bleeding.
   * **Esophageal Motility Disorders:** Problems with the esophageal muscles, leading to impaired blood flow.

2. **Gastric Causes:**
   * **Gastric Polyps:**  Ben"
Describe the complications of diabetes mellitus and their prevention.,"Chronic complications include microvascular (retinopathy, nephropathy, neuropathy) and macrovascular (coronary artery disease, stroke) effects. Prevention involves strict glycemic control, blood pressure management, lipid control, and regular screening for complications.","Describe the complications of diabetes mellitus and their prevention.

**Complications of Diabetes Mellitus**

Diabetes mellitus, a chronic metabolic disorder, can lead to a wide range of serious complications affecting nearly every organ system in the body. These complications can significantly reduce quality of life and increase the risk of premature death.

Here's a breakdown of the major complications:

1. **Cardiovascular Disease:** This is arguably the most significant complication of diabetes.
   * **Heart Attack:** High blood sugar levels damage blood vessels, increasing the risk of heart attacks.
   * **Stroke:** Similarly, high blood sugar can cause blood clots and damage blood vessels in the brain, leading to strokes.
   * **Peripheral Artery Disease:**  Poor circulation due to diabetes can restrict blood flow to the limbs, leading to pain, numbness, and potential amputation.

2. **Neuropathy:** Nerve damage caused by high blood sugar.
   * **Peripheral Neuropathy:**  Numbness, tingling, burning pain, and loss of sensation"
Explain the diagnosis and management of hypothyroidism.,"Hypothyroidism results from thyroid hormone deficiency, commonly due to autoimmune thyroiditis (Hashimoto's). Symptoms include fatigue, weight gain, cold intolerance, and constipation. Diagnosis is made by elevated TSH and low T4. Treatment involves lifelong levothyroxine replacement.","Explain the diagnosis and management of hypothyroidism.

**Diagnosis of Hypothyroidism**

The diagnosis of hypothyroidism is based on a clinical assessment, including:

*   **Symptoms:** These can include fatigue, weight gain, constipation, dry skin, hair loss, muscle aches, and cold intolerance.
*   **Blood Tests:**
    *   **TSH (Thyroid Stimulating Hormone):** This is the most important test. A high TSH level indicates hypothyroidism.
    *   **Free T4 (Thyroxine):** This test measures the level of thyroid hormone in the blood. A low free T4 level confirms hypothyroidism.
    *   **Thyroid Antibodies (Anti-TPO and Anti-Tg):** These tests help rule out autoimmune thyroid diseases like Hashimoto's thyroiditis, which is the most common cause of hypothyroidism.
*   **Physical Examination:** A physical examination may reveal signs of hypothyroidism, such as bradycardia (slow heart rate) and enlarged thyroid gland.

**Management of Hypothyroidism"
Discuss the pathogenesis and treatment of peptic ulcer disease.,"Peptic ulcer disease arises from mucosal damage due to gastric acid and pepsin, often caused by Helicobacter pylori infection or NSAID use. Symptoms include epigastric pain and dyspepsia. Treatment includes H. pylori eradication therapy and proton pump inhibitors.","Discuss the pathogenesis and treatment of peptic ulcer disease.

## Peptic Ulcer Disease (PUD)

Peptic ulcer disease (PUD) is a chronic condition characterized by the formation of ulcers in the lining of the stomach or duodenum. It’s a common problem with significant morbidity and mortality.

**Pathogenesis:**

The pathogenesis of PUD is complex and involves several interacting factors:

1. **Intrinsic Factors:** These are genetic predispositions and structural abnormalities.
    * **Gastric Acid Deficiency:** Reduced production of hydrochloric acid (HCl) by the stomach lining.
    * **Intrinsic Factor Deficiency:**  Lack of intrinsic factor, a protein necessary for vitamin B12 absorption.
    * **Increased Mucus Production:** Excess mucus production in the stomach.
    * **Increased Gastric Motility:** Rapid gastric emptying.
2. **Extrinsic Factors:** These are factors that can trigger ulcer formation.
    * **H. pylori Infection:** The most common cause of PUD, a bacterium that produces"
Describe the causes and management of chronic liver disease.,"Chronic liver disease is caused by viral hepatitis (B, C), alcohol, non-alcoholic fatty liver disease, or autoimmune hepatitis. Features include jaundice, ascites, and varices. Management includes treating underlying causes, managing complications, and liver transplantation in end-stage cases.","Describe the causes and management of chronic liver disease.

## Chronic Liver Disease: Causes and Management

Chronic liver disease (CLD) is a complex condition characterized by persistent inflammation and damage to the liver, often leading to fibrosis and cirrhosis. It's a significant public health concern, impacting millions worldwide.

**Causes of Chronic Liver Disease:**

CLD arises from a combination of factors, broadly categorized as:

* **Alcohol-related liver disease:**  This is the most common cause, accounting for approximately 40-60% of cases.  Excessive alcohol consumption can lead to inflammation, oxidative stress, and direct liver cell damage.
* **Non-alcoholic fatty liver disease (NAFLD) / Non-alcoholic steatohepatitis (NASH):**  This condition, often linked to obesity, diabetes, and metabolic syndrome, involves a buildup of fat in the liver without the presence of excessive alcohol.
* **Viral hepatitis:** Infections with hepatitis viruses (A, B, C, D, and E)"
Explain the classification and management of shock.,"Shock is a state of inadequate tissue perfusion. It is classified as hypovolemic, cardiogenic, distributive (e.g., septic), or obstructive. Management focuses on rapid recognition, fluid resuscitation, vasopressors, and treatment of the underlying cause.","Explain the classification and management of shock.

**Classification of Shock**

Shock is broadly classified into two main categories:

1.  **Primary Shock:** This occurs when the body's organs are unable to respond to the stimulus, such as a hemorrhage or a severe infection.
2.  **Secondary Shock:** This occurs when the body's organs respond to the stimulus, but the response is insufficient to maintain adequate blood pressure.

**Management of Shock**

Management of shock aims to restore blood pressure and maintain adequate oxygen supply to the tissues. It involves a multi-faceted approach, including:

1.  **Fluid Resuscitation:** The immediate goal is to restore fluid balance. This involves intravenous fluids (crystalloids) to increase blood volume and blood pressure.
2.  **Vasopressors:** If fluid resuscitation alone is insufficient, vasopressors are used to constrict blood vessels and increase blood pressure.
3.  **Oxygen Therapy:** Oxygen is crucial for cellular respiration and can help to improve"
Discuss the approach to a patient with acute renal failure.,"Acute renal failure (acute kidney injury) is characterized by a sudden decline in renal function. It is classified as prerenal, intrinsic, or postrenal. Evaluation includes history, urine analysis, and renal imaging. Management targets the underlying cause and maintaining fluid-electrolyte balance.","Discuss the approach to a patient with acute renal failure.

**1. Initial Assessment and Stabilization**

*   **Rapid History:** Focus on the onset, duration, and severity of symptoms (e.g., fatigue, nausea, vomiting, changes in urine output, swelling).
*   **Physical Examination:** Assess vital signs (hypotension, tachycardia, hypotension), skin color, mucous membranes, and signs of dehydration.
*   **Laboratory Tests:**
    *   **Complete Blood Count (CBC):** To assess for anemia, infection, and thrombocytopenia.
    *   **Electrolytes:** (Sodium, Potassium, Chloride, Bicarbonate) to determine acid-base imbalance and electrolyte abnormalities.
    *   **Renal Function Tests (RFTs):**  (Creatinine, BUN, eGFR) to assess the severity of the renal impairment.
    *   **Arterial Blood Gas (ABG):**  To assess acid-base status and oxygenation.
    *   **"
Explain the etiology and management of deep vein thrombosis (DVT).,"DVT results from venous stasis, endothelial injury, and hypercoagulability (Virchow’s triad). Common in immobilized or postoperative patients. Diagnosis is made using Doppler ultrasound. Treatment includes anticoagulation with heparin and warfarin and prevention with compression stockings.","Explain the etiology and management of deep vein thrombosis (DVT).

**Etiology of Deep Vein Thrombosis (DVT)**

DVT is a serious complication of chronic venous insufficiency, and it is caused by a combination of factors. The most significant contributors include:

* **Venous insufficiency:** This is a condition where the veins in the legs are weakened and unable to effectively return blood to the heart. This can be due to various factors, including:
    * **Age:** Older adults are more prone to venous insufficiency.
    * **Obesity:** Excess weight puts pressure on veins.
    * **Pregnancy:** Hormonal changes and increased pressure during pregnancy can weaken veins.
    * **Marital Status:** Women, particularly those who are single, are at higher risk.
    * **Genetic factors:** Some individuals have a genetic predisposition to venous problems.
* **Prolonged standing or sitting:**  This puts pressure on the veins and reduces blood flow.
* **Obesity:** As mentioned above,"
Discuss the management of chronic hypertension.,"Management involves lifestyle modifications (salt restriction, weight loss, exercise) and pharmacologic therapy including ACE inhibitors, ARBs, calcium channel blockers, and diuretics. The goal is to reduce cardiovascular and renal complications.","Discuss the management of chronic hypertension.

**Management of Chronic Hypertension**

Chronic hypertension (high blood pressure) is a major health concern, often requiring long-term management to prevent complications. A comprehensive approach involving lifestyle modifications, medication, and monitoring is crucial.

**1. Lifestyle Modifications:**

*   **Dietary Changes:**
    *   **Reduce Sodium Intake:** This is the cornerstone of blood pressure control. Aim for less than 2300 mg of sodium per day, and ideally, less than 1500 mg per day. Read food labels carefully.
    *   **Increase Potassium Intake:** Potassium helps balance sodium levels and can lower blood pressure. Good sources include bananas, sweet potatoes, spinach, and beans.
    *   **Increase Fruits and Vegetables:** Rich in nutrients and fiber, fruits and vegetables contribute to overall health and can help lower blood pressure.
    *   **Limit Processed Foods, Red Meat, and Saturated Fats:** These are often high in sodium and"
Describe the causes and management of ascites.,"Ascites is the accumulation of fluid in the peritoneal cavity, most commonly due to cirrhosis. Other causes include heart failure and malignancy. Diagnosis is made by ultrasound and paracentesis. Management includes sodium restriction, diuretics, and therapeutic paracentesis.","Describe the causes and management of ascites.

**Ascites**

Ascites is a condition where fluid accumulates in the abdominal cavity, causing discomfort and potentially leading to serious complications. It’s often associated with underlying medical conditions.

**Causes of Ascites**

There are numerous causes for ascites, and they can be broadly categorized into:

1.  **Liver Disease:** This is the most common cause of ascites. Conditions like cirrhosis, hepatitis, and alcoholic liver disease can lead to impaired liver function, reducing the liver's ability to remove fluid from the circulation.
2.  **Heart Failure:**  The heart's inability to pump effectively can lead to fluid leakage into the abdominal cavity.
3.  **Kidney Disease:** Kidney failure can cause fluid retention and, consequently, ascites.
4.  **Cancer:** Certain cancers, such as lymphoma and pancreatic cancer, can cause ascites due to increased vascular permeability.
5.  **Infections:**  Infections, particularly those"
Explain the pathophysiology and management of asthma.,"Asthma involves chronic airway inflammation leading to hyperresponsiveness and reversible airflow obstruction. Triggers include allergens, infections, and exercise. Treatment involves inhaled corticosteroids, bronchodilators, and allergen avoidance.","Explain the pathophysiology and management of asthma.

**Asthma pathophysiology**

Asthma is a chronic inflammatory disease of the airways. It's characterized by reversible airflow obstruction and bronchospasm (narrowing of the airways). The underlying pathophysiology involves a complex interplay of immune system components, inflammatory mediators, and airway structural changes.

1. **Immune System Activation:**
   * **IgE Production:**  The most common trigger is an allergic reaction involving IgE antibodies. When exposed to allergens (pollen, dust mites, pet dander, etc.), the immune system produces IgE antibodies.
   * **Mast Cell Activation:** IgE binds to mast cells, which are immune cells found in the airways.  This binding triggers the release of histamine, leukotrienes, and prostaglandins.
   * **Eosinophil Recruitment:**  IgE and mast cell mediators attract eosinophils, which release toxic substances like major basic protein (MBP), contributing to airway inflammation and mucus production.

2. **Airway"
Discuss the differential diagnosis and management of chest pain.,"Chest pain may arise from cardiac (MI, angina), pulmonary (PE, pneumonia), gastrointestinal (reflux), or musculoskeletal causes. Evaluation includes ECG, cardiac enzymes, and imaging. Management depends on the etiology—urgent reperfusion for MI, antibiotics for pneumonia, or PPIs for reflux.","Discuss the differential diagnosis and management of chest pain.

## Introduction

Chest pain is a common symptom with a wide range of potential causes, from benign conditions to life-threatening emergencies. Accurate diagnosis is crucial for effective management. This review will discuss the differential diagnosis of chest pain and the management strategies employed.

## Differential Diagnosis

The differential diagnosis of chest pain is broad and complex, encompassing a wide range of conditions. Here’s a breakdown of common categories:

**1. Cardiac Causes:**

*   **Angina:** Chest pain caused by reduced blood flow to the heart muscle due to coronary artery disease.
*   **Myocardial Infarction (MI) / Heart Attack:** Complete blockage of a coronary artery, leading to irreversible damage to heart muscle.
*   **Pericarditis:** Inflammation of the sac surrounding the heart.
*   **Aortic Dissection:** A tear in the wall of the aorta.
*   **Valve Problems:** Stenosis or regurgitation of heart valves.

**2."
Describe the causes and management of anemia of chronic disease.,"Anemia of chronic disease results from impaired iron utilization, decreased erythropoietin response, and cytokine-mediated suppression of erythropoiesis. Common in chronic infections and inflammatory diseases. Management involves treating the underlying disorder and sometimes erythropoietin therapy.","Describe the causes and management of anemia of chronic disease.

**Causes of Anemia of Chronic Disease**

Anemia of chronic disease (ACD) is a complex condition with a variety of potential causes. These can be broadly categorized as follows:

*   **Nutritional Deficiencies:** This is the most common cause.  Deficiencies in iron, vitamin B12, folate, and vitamin C are frequently implicated.
*   **Chronic Inflammation:** Conditions like rheumatoid arthritis, lupus, and Crohn's disease can lead to chronic inflammation in the body, which can impair red blood cell production.
*   **Liver Disease:** Liver dysfunction can reduce the production of erythropoietin, a hormone that stimulates red blood cell production.
*   **Kidney Disease:** Impaired kidney function can affect red blood cell production and the excretion of certain nutrients.
*   **Autoimmune Diseases:** Conditions like systemic lupus erythematosus (SLE) and Sjögren's syndrome can disrupt red blood cell production.
*   **Genetic Factors"
